{
  "project_info": {
    "project_number": "459373663280",
    "firebase_url": "https://evento-8fd26.firebaseio.com",
    "project_id": "evento-8fd26",
    "storage_bucket": "evento-8fd26.appspot.com"
  },
  "client": [
    {
      "client_info": {
        "mobilesdk_app_id": "1:459373663280:android:518832f5e10b687a8409f5",
        "android_client_info": {
          "package_name": "com.example.evento"
        }
      },
      "oauth_client": [
        {
          "client_id": "459373663280-d9o48tocsm68slluldvdv411i9k4f51i.apps.googleusercontent.com",
          "client_type": 3
        }
      ],
      "api_key": [
        {
          "current_key": "AIzaSyD8ttrvla84kf0gXqIdvgki3HfjniOj1Us"
        }
      ],
      "services": {
        "appinvite_service": {
          "other_platform_oauth_client": [
            {
              "client_id": "459373663280-d9o48tocsm68slluldvdv411i9k4f51i.apps.googleusercontent.com",
              "client_type": 3
            }
          ]
        }
      }
    },
    {
      "client_info": {
        "mobilesdk_app_id": "1:459373663280:android:1307b0cd81794ba38409f5",
        "android_client_info": {
          "package_name": "com.example.evento_app"
        }
      },
      "oauth_client": [
        {
          "client_id": "459373663280-d9o48tocsm68slluldvdv411i9k4f51i.apps.googleusercontent.com",
          "client_type": 3
        }
      ],
      "api_key": [
        {
          "current_key": "AIzaSyD8ttrvla84kf0gXqIdvgki3HfjniOj1Us"
        }
      ],
      "services": {
        "appinvite_service": {
          "other_platform_oauth_client": [
            {
              "client_id": "459373663280-d9o48tocsm68slluldvdv411i9k4f51i.apps.googleusercontent.com",
              "client_type": 3
            }
          ]
        }
      }
    }
  ],
  "configuration_version": "1"
}